Workbook
Name ESXi.CPU.Usable.Capacity.Allocation: 'Capacity Provider'!$D$24
Name ESXi.CPU.Usable.Capacity.Reservation: 'Capacity Provider'!$D$44
Name ESXi.CPU.Usable.Capacity.Utilization: 'Capacity Provider'!$D$19
Name Hypervisor.Overhead.CPU: 'Capacity Provider'!$D$17
Name Hypervisor.Overhead.Memory: 'Capacity Provider'!$D$27
Name Silver.VM.RAM: 'Capacity Consumer'!$D$26
Name Silver.VM.vCPU: 'Capacity Consumer'!$D$23

Sheet Read Me
A2: Goal
B3: How many VMs can I fit while balancing cost and performance?
B4: Aim to maximise usage of capacity. Stop when any of the cells under Capacity Used hit 100%
A6: Capacity vs Performance
B7: 3 models included
C8: Utilization | D8: Capacity uses thread as the unit. It does not care about the speed (performance) of the CPU.
C9: Allocation | D9: This needs a default overcommit ratio
C10: Reservation
A12: Class of Service
B13: Gold is 2x the price of Silver, and 4x the price of Bronze
B14: To support the pricing strategy, it needs to have consistent Price/Performance Ratio
B15: The "performance" part is achieved by both overcommit ratio and reservation
C16: Gold Class has half the overcommit ratio. The VM enjoys 2x the reservation amount of silver
C17: You can add Share, although that increases operational complexity
A19: Summary
B20: How many VM will fit on a typical ESXi with 64 cores and 768 GB of RAM?
D21: Capacity Model | E21: ESXi Usable Capacity | G21: How many Silver VM will fit?
E22: CPU | F22: Memory | G22: CPU | H22: Memory
D23: Allocation | E23: =ESXi.CPU.Usable.Capacity.Allocation -> 208.8 | F23: ='Capacity Provider'!D53 -> 1017.6 | G23: =E23/Silver.VM.vCPU -> 26.1 | H23: =F23/Silver.VM.RAM -> 31.8
D24: Reservation | E24: =ESXi.CPU.Usable.Capacity.Reservation -> 152 | G24: =E24/'Capacity Provider'!D3/(Silver.VM.vCPU*'Capacity Consumer'!D24) -> 25.333333 | H24: =F23/(Silver.VM.RAM*'Capacity Consumer'!D27) -> 63.6
D25: Utilization | E25: =ESXi.CPU.Usable.Capacity.Utilization -> 104.4 | G25: =E25/(Silver.VM.vCPU*'Capacity Consumer'!D25) -> 26.1 | H25: =F23/(Silver.VM.RAM*'Capacity Consumer'!D28) -> 37.411765
B26: CPU is more complex as it has 3 different units, hence 3 different numbers.
B27: Memory can have more VM as it includes 50% of memory tiering
A29: The sheets
B30: ESXi portion | D30: This covers the total capacity. Since the Usable Capacity is a function of the Overcommit Ratio, this is covered here too
B31: VM portion | D31: This covers the consumption.
D32: It has 3 scenarios, one for each class of services
D33: Each scenario has mixed workload as that's most common deployment
A35: Which cells can you modify?
C36: Do not modify. They are formula
C37: Modify the green cells to suit your scenario

Sheet Capacity Provider
A1: Total Capacity
B2: Capacity begin with ESXi. Choose a CPU and Memory size that is balanced to avoid wastage
B3: CPU Speed | D3: 2.5 | E3: Replace with the actual speed of your hardware
B4: Core | D4: 64 | E4: cores
B5: Thread | D5: =D4*2 -> 128 | E5: threads
B6: All Core Turbo | D6: 1.25 | E6: of base frequency. Replace with the actual speed of the CPU
E7: This is the actual speed the VM gets when all cores are running
B8: RAM | D8: 768 | E8: GB RAM
B9: NVMe | D9: =D8/2 -> 384 | E9: GB RAM. I'm using 50%
A11: Usable Capacity
B12: We need to calculate the Usable Capacity as Capacity must be based on amount available to VM
B13: Cluster HA
C14: Cluster size | D14: 10 | E14: ESXi hosts. 9 + 1 HA
C15: Cluster HA | D15: =1/D14 -> 0.1 | E15: 1 of 10 hosts is for availability, hence 10% buffer
B16: CPU: Utilization Model
C17: Hypervisor Overhead | D17: 12 | E17: threads for ESXi + vSAN + NSX. NSX EDP adds 2-4 cores. vSAN File Services needs 2 vCPU as it's a VM
E18: If you run vSAN dedupe, compress, and heavy network services, increase to 14
C19: Usable Capacity | D19: =(D5-Hypervisor.Overhead.CPU)*(1-D15) -> 104.4 | E19: threads available for VM. This is the amount we can overcommit
B20: CPU: Allocation Model
C21: Overcommit Ratio is measured against Usable Capacity, not Total
C22: Default Overcommit Ratio | D22: 2 | E22: vCPU per thread. Do not do over core as HT can be disabled
E23: 2 vCPU is chosen per thread as most of the time VM run well below 50%
C24: Usable Capacity | D24: =ESXi.CPU.Usable.Capacity.Utilization*D22 -> 208.8 | E24: vCPU
B25: Memory
C26: Unlike CPU, memory has the same Usable Capacity number for all 3 models
C27: Hypervisor Overhead | D27: 64 | E27: See CPU for explanation. Adjust accordingly
C28: Usable Capacity | D28: =(D8-Hypervisor.Overhead.Memory)*(1-D15) -> 633.6 | E28: vRAM available for VM. Memory Tiering is not yet included because Gold has no overcommit
B30: ESXi CPU : RAM ratio | D30: =D28/ESXi.CPU.Usable.Capacity.Utilization -> 6.0689655 | E30: This means we can go memory heavy. If your workload is CPU heavy, buy less RAM
C31: Because it's higher than the 4:1 ratio of the VM configuration, we should lower the CPU Reservation to maximise consumption
A33: Throughput Consideration
B34: When a core is running, its actual speed varies over time.
B35: The speed impacts the throughput. A slow down is speed is not the same as VM facing CPU ready or co-stop
B36: CPU Cycles
C37: Total CPU Cycles | D37: =D3*D4*1.25*D6 -> 250 | E37: HT gives 1.25x CPU cycles, not 2.x
E38: This is what you get when all cores run. To be conservative, we're not using this number in the capacity
C39: Hypervisor Overhead | D39: =D3*Hypervisor.Overhead.CPU -> 30 | E39: threads for ESXi + vSAN + NSX
C40: Overhead in % | D40: =D39/D37 -> 0.12 | E40: This is higher as HT does not give 2x
C41: Usable CPU Cycles | D41: =D37-D39 -> 220 | E41: To be conservative, we're not using this number in the capacity
B42: Reservation
C43: System Reservation | D43: 8 | E43: Typically this is around 8 GHz
C44: Max CPU Reservation | D44: =D3*D4 - D43 -> 152 | E44: Take note that vSphere reservation is capped using base nominal clock speed
A46: Class of Service
B47: Silver is the default setting
D48: Gold | E48: Silver | F48: Bronze
B49: CPU Overcommit Ratio | D49: 0.5 | E49: 1 | F49: 1.5
B50: vCPU Available for VM | D50: =E50*D49 -> 104.4 | E50: =E49*ESXi.CPU.Usable.Capacity.Allocation -> 208.8 | F50: =E50*F49 -> 313.2
B51: Memory Overcommit Ratio (against DRAM) | D51: 1 | E51: 1.5 | F51: 2
B52: Memory Available for VM (without Tiering) | D52: =D28*D51 -> 633.6 | E52: =D52*E51 -> 950.4 | F52: =D52*F51 -> 1267.2
B53: Memory Available for VM (with Tiering) | D53: =D28+D9 -> 1017.6
B54: Memory Tiering enable higher overcommit, hence we use 1 number for all classes

Sheet Capacity Consumer
A2: Summary of ESXi Usable Capacity
B3: Memory uses memory tiering for non Gold. To be conservative, we only apply for allocation, not reservation
C5: Gold | D5: Silver | E5: Bronze
B6: Allocation Model
B7: CPU Usable Capacity | C7: ='Capacity Provider'!D50 -> 104.4 | D7: ='Capacity Provider'!E50 -> 208.8 | E7: ='Capacity Provider'!F50 -> 313.2
B8: Memory Usable Capacity | C8: ='Capacity Provider'!D52 -> 633.6 | D8: ='Capacity Provider'!E52 -> 950.4 | E8: ='Capacity Provider'!F52 -> 1267.2
B9: Memory Usable with Tiering | C9: ='Capacity Provider'!D53 -> 1017.6
B10: Reservation Model
B11: Usable Capacity (not visible) | C11: ='Capacity Provider'!D41 -> 220
B12: CPU Reservable Capacity | C12: =MIN('Capacity Provider'!D41, 'Capacity Provider'!D44) -> 152
B13: Memory Reservable Capacity | C13: =C8 -> 633.6
B14: Memory Reservable with Tiering | C14: ='Capacity Provider'!D53 -> 1017.6
B15: Reservation is computed in MHz, hence we need to follow
A17: Average VM Size
B18: As this is just at the planning stage, it's better to use 1 size for each class.
B19: We keep the ratio between Gold, Silver and Bronze consistent.
B20: GB RAM per vCPU | C20: 4 | D20: GB
B22: Typical VM Size | C22: Gold | D22: Silver | E22: Bronze
B23: Configured CPU | C23: =D23*2 -> 16 | D23: =E23*2 -> 8 | E23: 4
B24: Reserved percentage | C24: 0.6 | D24: =C24/2 -> 0.3 | E24: =D24/2 -> 0.15
B25: Expected Utilization "Together" | C25: 0.5 | D25: =C25 -> 0.5 | E25: =D25 -> 0.5
B26: Configured Memory | C26: =C23*C20 -> 64 | D26: =D23*C20 -> 32 | E26: =E23*C20 -> 16
B27: Reserved percentage | C27: 1 | D27: 0.5 | E27: 0.25
B28: Expected Utilization "Together" | C28: 0.85 | D28: =C28 -> 0.85 | E28: =D28 -> 0.85
B29: The ratio among the class of services matches the overcommit ratio. This makes it appear fair, which ease acceptance
B30: Reservation is set high as that's customers expectation
B31: CPU is set lower than memory as there is relatively less capacity available in this specific ESXi hardware spec.
B32: Reservation impacts DRS and Resource Pools as it makes the "chunk" bigger. While it's necessary in a spreadsheet, avoid using in actual production.
A34: Existing Data
B35: CPU Speed | C35: ='Capacity Provider'!D3 -> 2.5 | D35: GHz
B36: Total Thread
B37: To keep MS Excel formula readable, we copy the data on this sheet from the ESXi sheet
A39: How many VM can we fit?
B40: Because the ESXi runs mixed classes, which Usable Capacity do we use?
B41: We use Bronze, but we multiply the weight of Gold by 4x and Silver by 2x
B42: This matches the Price/Performance so it's fair to tenants
B43: How many VMs can be placed depends on the class of service. The following tables show 3 common scenarios
B44: Aim for around 90% - 110%
B45: The "Overall Planned Consumption" rows have been color coded for ease of checking
B46: The reason why it's not exact (e.g. 99%) is you're at planning stage.
B47: Demand depends on the max of VM (utilization, reservation), which we don't know as it depends on each VM
B48: Supply has Turbo Boost, which is not yet included
B49: In a running environment, measure contention explicitly
B50: Aim to meet the promised Performance SLA (lagging indicator) by measuring KPI (leading indicator)
A53: Planning Scenario: Mostly Gold VMs
B54: Class of Service | C54: No of VM | D54: Total vCPU | E54: Total vRAM | G54: Based on Allocation | K54: Based on Reservation | M54: Based on Utilization
G55: CPU Multiplier | H55: CPU | I55: RAM Multiplier | J55: Memory | K55: CPU | L55: Memory | M55: CPU | N55: Memory
B56: Gold Class VM | C56: 6 | D56: =C56*C23 -> 96 | E56: =C56*C$26 -> 384 | G56: =G57/'Capacity Provider'!D$49 -> 2 | H56: =C56*C$23*G56 -> 192 | I56: ='Capacity Provider'!F51 -> 2 | J56: =C56*C$26*I56 -> 768 | K56: =C$24*C$35*C56*C$23 -> 144 | L56: =C$26*C$27*C56 -> 384 | M56: =D56*C$25 -> 48 | N56: =E56*C$28 -> 326.4
B57: Silver Class VM | C57: 1 | D57: =C57*D23 -> 8 | E57: =C57*D$26 -> 32 | G57: 1 | H57: =C57*D$23*G57 -> 8 | I57: ='Capacity Provider'!E51 -> 1.5 | J57: =C57*D$26*I57 -> 48 | K57: =C57*D$23*C$35*D$24 -> 6 | L57: =C57*D$27*D$26 -> 16 | M57: =D57*D$25 -> 4 | N57: =E57*D$28 -> 27.2
B58: Bronze Class VM | C58: 3 | D58: =C58*E23 -> 12 | E58: =C58*E$26 -> 48 | G58: =G57/'Capacity Provider'!F$49 -> 0.66666667 | H58: =C58*E$23 -> 12 | I58: ='Capacity Provider'!D51 -> 1 | J58: =C58*E$26 -> 48 | K58: =E$23*C58*C$35*E$24 -> 4.5 | L58: =C58*E$27*E$26 -> 12 | M58: =D58*E$25 -> 6 | N58: =E58*E$28 -> 40.8
B59: Total | C59: =SUM(C56:C58) -> 10 | D59: =SUM(D56:D58) -> 116 | E59: =SUM(E56:E58) -> 464 | H59: =SUM(H56:H58) -> 212 | J59: =SUM(J56:J58) -> 864 | K59: =SUM(K56:K58) -> 154.5 | L59: =SUM(L56:L58) -> 412 | M59: =SUM(M56:M58) -> 58 | N59: =SUM(N56:N58) -> 394.4
B60: Overall Planned Consumption | H60: =H59/E$7 -> 0.67688378 | J60: =J59/C$9 -> 0.8490566 | K60: =K59/C$12 -> 1.0164474 | L60: =L59/C$13 -> 0.65025253 | M60: =(M59+'Capacity Provider'!D$17)/'Capacity Provider'!D$19 -> 0.67049808 | N60: =(N59+'Capacity Provider'!D$27)/'Capacity Provider'!D$28 -> 0.72348485
A63: Planning Scenario: Mostly Silver VMs
B64: Class of Service | C64: No of VM | D64: Total vCPU | E64: Total vRAM | G64: Based on Allocation | K64: Based on Reservation | M64: Based on Utilization
G65: CPU Multiplier | H65: CPU | I65: RAM Multiplier | J65: Memory | K65: CPU | L65: Memory | M65: CPU | N65: Memory
B66: Gold Class VM | C66: 2 | D66: =C66*C$23 -> 32 | E66: =C66*C$26 -> 128 | G66: =G67/'Capacity Provider'!D$49 -> 2 | H66: =C66*C$23*G66 -> 64 | I66: =I56 -> 2 | J66: =C66*C$26*I66 -> 256 | K66: =C$24*C$35*C66*C$23 -> 48 | L66: =C$26*C$27*C66 -> 128 | M66: =D66*C$25 -> 16 | N66: =E66*C$28 -> 108.8
B67: Silver Class VM | C67: 13 | D67: =C67*D$23 -> 104 | E67: =C67*D$26 -> 416 | G67: 1 | H67: =C67*D$23*G67 -> 104 | I67: =I57 -> 1.5 | J67: =C67*D$26*I67 -> 624 | K67: =C67*D$23*C$35*D$24 -> 78 | L67: =C67*D$27*D$26 -> 208 | M67: =D67*D$25 -> 52 | N67: =E67*D$28 -> 353.6
B68: Bronze Class VM | C68: 8 | D68: =C68*E$23 -> 32 | E68: =C68*E$26 -> 128 | G68: =G67/'Capacity Provider'!F$49 -> 0.66666667 | H68: =C68*E$23 -> 32 | I68: =I58 -> 1 | J68: =C68*E$26 -> 128 | K68: =E$23*C68*C$35*E$24 -> 12 | L68: =C68*E$27*E$26 -> 32 | M68: =D68*E$25 -> 16 | N68: =E68*E$28 -> 108.8
B69: Total | C69: =SUM(C66:C68) -> 23 | D69: =SUM(D66:D68) -> 168 | E69: =SUM(E66:E68) -> 672 | H69: =SUM(H66:H68) -> 200 | J69: =SUM(J66:J68) -> 1008 | K69: =SUM(K66:K68) -> 138 | L69: =SUM(L66:L68) -> 368 | M69: =SUM(M66:M68) -> 84 | N69: =SUM(N66:N68) -> 571.2
B70: Overall Planned Consumption | H70: =H69/E$7 -> 0.6385696 | J70: =J69/C$9 -> 0.99056604 | K70: =K69/C$12 -> 0.90789474 | L70: =L69/C$13 -> 0.58080808 | M70: =(M69+'Capacity Provider'!D$17)/'Capacity Provider'!D$19 -> 0.91954023 | N70: =(N69+'Capacity Provider'!D$27)/'Capacity Provider'!D$28 -> 1.0025253
A73: Planning Scenario: Mostly Bronze VMs
B74: Class of Service | C74: No of VM | D74: Total vCPU | E74: Total vRAM | G74: Based on Allocation | K74: Based on Reservation | M74: Based on Utilization
G75: CPU Multiplier | H75: CPU | I75: Multiplier | J75: Memory | K75: CPU | L75: Memory | M75: CPU | N75: Memory
B76: Gold Class VM | C76: 1 | D76: =C76*C$23 -> 16 | E76: =C76*C$26 -> 64 | G76: =G77/'Capacity Provider'!D$49 -> 2 | H76: =C76*C$23*G76 -> 32 | I76: =I66 -> 2 | J76: =I76*C$26*C76 -> 128 | K76: =C$24*C$35*C76*C$23 -> 24 | L76: =C$26*C$27*C76 -> 64 | M76: =D76*C$25 -> 8 | N76: =E76*C$28 -> 54.4
B77: Silver Class VM | C77: 6 | D77: =C77*D$23 -> 48 | E77: =C77*D$26 -> 192 | G77: 1 | H77: =C77*D$23*G77 -> 48 | I77: =I67 -> 1.5 | J77: =C77*D$26*I77 -> 288 | K77: =C77*D$23*C$35*D$24 -> 36 | L77: =C77*D$27*D$26 -> 96 | M77: =D77*D$25 -> 24 | N77: =E77*D$28 -> 163.2
B78: Bronze Class VM | C78: 27 | D78: =C78*E$23 -> 108 | E78: =C78*E$26 -> 432 | G78: =G77/'Capacity Provider'!F$49 -> 0.66666667 | H78: =C78*E$23 -> 108 | I78: =I68 -> 1 | J78: =C78*E$26 -> 432 | K78: =E$23*C78*C$35*E$24 -> 40.5 | L78: =C78*E$27*E$26 -> 108 | M78: =D78*E$25 -> 54 | N78: =E78*E$28 -> 367.2
B79: Total | C79: =SUM(C76:C78) -> 34 | D79: =SUM(D76:D78) -> 172 | E79: =SUM(E76:E78) -> 688 | H79: =SUM(H76:H78) -> 188 | J79: =SUM(J76:J78) -> 848 | K79: =SUM(K76:K78) -> 100.5 | L79: =SUM(L76:L78) -> 268 | M79: =SUM(M76:M78) -> 86 | N79: =SUM(N76:N78) -> 584.8
B80: Overall Planned Consumption | H80: =H79/E$7 -> 0.60025543 | J80: =J79/C$9 -> 0.83333333 | K80: =K79/C$12 -> 0.66118421 | L80: =L79/C$13 -> 0.4229798 | M80: =(M79+'Capacity Provider'!D$17)/'Capacity Provider'!D$19 -> 0.93869732 | N80: =(N79+'Capacity Provider'!D$27)/'Capacity Provider'!D$28 -> 1.0239899

Sheet Cost Comparison
A1: Public Cloud Cost
B2: This is based on the average of AWS, Azure and Google GCP
B3: CPU Price | C3: 171 | D3: per vCPU per year
B4: RAM Price | C4: 43 | D4: per GB per year
B5: Public Cloud does not have Class of Service. Gold VM is treated the same way as Bronze VM. The entire philosophy of public cloud is Cattle, not Pet.
B6: The cost is likely higher as the above does not include egress network
A8: Private Cloud Cost
B9: Private Cloud total cost | C9: =165000 -> 165000 | D9: per ESXi
B10: The cost needs to include 1 HA host per cluster. This model uses 9+1 hosts per cluster
A12: Planning Scenario: Mostly Gold VMs
B13: Class of Service | C13: No of VM | D13: VM Size | F13: Public Cloud Cost
D14: vCPU | E14: RAM
B15: Gold Class VM | C15: ='Capacity Consumer'!C56 -> 6 | D15: ='Capacity Consumer'!C$23 -> 16 | E15: ='Capacity Consumer'!C$26 -> 64 | F15: =C15*(D15*C$3+E15*C$4) -> 32928
B16: Silver Class VM | C16: ='Capacity Consumer'!C57 -> 1 | D16: ='Capacity Consumer'!D$23 -> 8 | E16: ='Capacity Consumer'!D$26 -> 32 | F16: =C16*(D16*C$3+E16*C$4) -> 2744
B17: Bronze Class VM | C17: ='Capacity Consumer'!C58 -> 3 | D17: ='Capacity Consumer'!E$23 -> 4 | E17: ='Capacity Consumer'!E$26 -> 16 | F17: =C17*(D17*C$3+E17*C$4) -> 4116
B18: Total | C18: =SUM(C15:C17) -> 10 | F18: =SUM(F15:F17) -> 39788
D20: 5 Year Public Cloud spending | F20: =F18*5 -> 198940
D21: Savings with Private Cloud | F21: =ROUNDDOWN(F20-C$9,-3) -> 33000
A23: Planning Scenario: Mostly Silver VMs
B24: Class of Service | C24: No of VM | D24: VM Size | F24: Public Cloud Cost
D25: vCPU | E25: RAM
B26: Gold Class VM | C26: ='Capacity Consumer'!C66 -> 2 | D26: ='Capacity Consumer'!C$23 -> 16 | E26: ='Capacity Consumer'!C$26 -> 64 | F26: =C26*(D26*C$3+E26*C$4) -> 10976
B27: Silver Class VM | C27: ='Capacity Consumer'!C67 -> 13 | D27: ='Capacity Consumer'!D$23 -> 8 | E27: ='Capacity Consumer'!D$26 -> 32 | F27: =C27*(D27*C$3+E27*C$4) -> 35672
B28: Bronze Class VM | C28: ='Capacity Consumer'!C68 -> 8 | D28: ='Capacity Consumer'!E$23 -> 4 | E28: ='Capacity Consumer'!E$26 -> 16 | F28: =C28*(D28*C$3+E28*C$4) -> 10976
B29: Total | C29: =SUM(C26:C28) -> 23 | F29: =SUM(F26:F28) -> 57624
D31: 5 Year Public Cloud spending | F31: =F29*5 -> 288120
D32: Savings with Private Cloud | F32: =ROUNDDOWN(F31-C$9,-3) -> 123000
A34: Planning Scenario: Mostly Bronze VMs
B35: Class of Service | C35: No of VM | D35: VM Size | F35: Public Cloud Cost
D36: vCPU | E36: RAM
B37: Gold Class VM | C37: ='Capacity Consumer'!C76 -> 1 | D37: ='Capacity Consumer'!C$23 -> 16 | E37: ='Capacity Consumer'!C$26 -> 64 | F37: =C37*(D37*C$3+E37*C$4) -> 5488
B38: Silver Class VM | C38: ='Capacity Consumer'!C77 -> 6 | D38: ='Capacity Consumer'!D$23 -> 8 | E38: ='Capacity Consumer'!D$26 -> 32 | F38: =C38*(D38*C$3+E38*C$4) -> 16464
B39: Bronze Class VM | C39: ='Capacity Consumer'!C78 -> 27 | D39: ='Capacity Consumer'!E$23 -> 4 | E39: ='Capacity Consumer'!E$26 -> 16 | F39: =C39*(D39*C$3+E39*C$4) -> 37044
B40: Total | C40: =SUM(C37:C39) -> 34 | F40: =SUM(F37:F39) -> 58996
D42: 5 Year Public Cloud spending | F42: =F40*5 -> 294980
D43: Savings with Private Cloud | F43: =ROUNDDOWN(F42-C$9,-3) -> 129000
A45: Reference
B46: For details how we got this number, see https://docs.google.com/spreadsheets/d/1gRXwvZSIhz_C2bEQbrHmQsudqYq47LI0xYcBBwxSXO8/edit?usp=sharing
